cluster_representative,cluster_size
JAY-Z,2196
SmadaLeinad,1811
DJ Schmolli,1225
Various Artists,923
Triple-Q,918
Ye,738
goreshit,695
deadmau5,688
Daft Punk,676
Girl Talk,674
leroy,611
Karina Longworth,598
Psynwav,495
The Prodigy,481
The Beatles,470
The Cut Up Boys,446
近藤浩治,382
Plastician,373
DJ Shadow,352
The Avalanches,334
King Cannibal,266
DJ Nerd42,262
Beyoncé,244
Burial,224
Basement Jaxx,168
Professional Hairdresser,157
Moby,146
John Williams,144
Pretty Lights,129
Jennifer Lopez,127
Adam WarRock,125
Fouria,123
Fleetwood Mac,121
Purple Disco Machine,115
The Ultimate Seduction,112
The Legion of Doom,111
The Winstons,106
Merzbow,93
電音部,90
GRV Music,88
R. Kelly,88
$WAGGOT,87
Pink Floyd,81
Liquid Soul,63
RL Grime,51
The Ladybirds,45
KONPEITO,42
Pete Oak,42
DJ Safe,33
Jowell and Randy,28
Coil,27
The Cynphetic Collective,27
DJもっちー,27
Foxfall,25
IAM,24
Braiden,24
FL Tapes DMT,24
Max Flyant,24
Light New Fires,22
開発室Pixel,21
Simon Callow,20
USAGI Production,20
In Quantum,19
Yann Walcker,18
Fourth Core,17
DJ Static,17
Иван Купала,16
CYBERTHING!,15
Toronto Is Broken,15
Utah Phillips,15
uma,15
yUuZa1,15
Bad Sex,14
Dubmood,14
Vospi,13
Curse,12
Rokas Yan,12
Lil Uzi Vert,12
Winno,11
hanali,11
和泉幸奇,11
yama,11
Kaleidor,10
Nicolas Repac,10
Beny Moré,10
玉置成実,10
Sorry about my face,10
KaTT,9
Peter Hont,9
Aube,8
Raphael,8
Ark Patrol,8
kingyo,8
Cazuza,8
ノア,7
Chemical Poets,7
Nanode,7
paniq,7
Gloom,7
shirobeats,7
Grits,7
Psychic TV,7
Roberts Lejasmeijers,7
Bongbeck,7
-45,7
Dave Skywalker,7
Graeme Le Saux,7
Mihkel Tael,6
Eli and Fur,6
Dan Macy,6
Hat Films,6
Hugo Kant,6
Skyper,6
Terra Nil Team,6
Laryssa Okada,6
The Korgis,6
Ricardo Villalobos,6
Riot Games Music Team,6
Andreas Dorau,6
Tony Marshall,6
Бахыт-Компот,5
Shadow Child,5
Dian Solo,5
KAH,5
Shitao,5
M¥SS KETA,5
Berliner Philharmoniker,5
Greg Hale Jones,5
JINUSEAN,5
Fred Owusu,5
siu,5
Futuristic Swaver,5
Acid War,5
DJ Bart,5
Bad Bunny,5
☆NoAki☆,5
Pastaboys,5
Kenët,5
DJ Pascal,5
Dr. Spook,5
SIAMÉS,5
hololive IDOL PROJECT,5
Ashford and Simpson,5
Crispin Hands,5
XETEX,5
Datashat,5
Schürzenjäger,5
Виктор Аргонов Project,5
Dendemann,5
Unzucht,5
Master Genius,5
Tim Nable,5
DJ Nick,5
МакSим,5
Soni,4
_yoc.,4
골드문트,4
Zoë Blade,4
Amorphous Androgynous,4
Barbarian On The Groove,4
Filip Rasch,4
The ManBearPig,4
The Darkraver,4
Xullaji,4
보천보전자악단,4
Dave Rodgers,4
Pipe Calderón,4
Lambert,4
Banda de cornetas y tambores Nuestra Señora del Rosario Coronada de Cádiz,4
Caviar,4
Gio,4
That Andy Guy,4
The Brothers,4
Deborah Cox,4
The Touch Funk,4
Fizzy K,4
Robert Johnson,4
Pete Namlook,4
Kaydy Cain,4
DJ Maximus,4
Cy Payne,4
Океан Ельзи,4
The Free Raisins,4
iamamiwhoami,4
Ellinoora,4
Dr. Joe Dispenza,4
DJ Dossa,4
youseeeberkeley,4
[traditional],4
Cubstar,4
Tommy T. Nurkka,4
Dubious,4
Jordan Fields,4
Fat Day,4
Seth Parker,4
SAYMYNAME,4
Atomic Pulse,4
Χαρμολύπη,4
Rinder and Lewis,4
Symbolic,4
Growling Mad Scientists,4
Dan Wool,4
Barry Can't Swim,4
PSYK,4
Alberto Stylee,4
電気グルーヴ,4
Pixel,4
Unknown N.,4
Dennis McCarthy,4
Charly Lownoise and Mental Theo,4
88 ULTRA,4
Matthias Reim,4
Profane,4
つんく♂,4
Maicol Superstar,4
Milkychan,4
DJ Basler,4
CircusP,4
Sajama Cut,4
青木森一,4
Thomas Krome,3
Proem,3
御山△EDIT,3
The Paradise Motel,3
KARMART,3
Fantemix,3
Christopher Saint Booth,3
B. Thompson,3
Jamie Paige,3
Cathy Dennis,3
Galactic,3
Darling,3
Amadeus Chaffe,3
Antoine Chambe,3
montahes,3
Leslie Mag,3
獅子堂秋葉,3
Slime Girls,3
LFO Animal,3
Akademie für Alte Musik Berlin,3
zts,3
Adeva,3
Getter Jaani,3
Black Sun Productions,3
NLE Choppa,3
a0n0,3
Fitts for Fight,3
Sezen Aksu,3
Black City Lights,3
Looptroop Rockers,3
Galactronic,3
Aviencloud,3
A*S*Y*S,3
DJ Delicious,3
Darbal,3
John Schaefer,3
吉武千颯,3
Charvoni,3
Muslim Disco Club,3
iamerror,3
Litmus,3
Olav Basoski,3
HANZO 陰陽,3
Maya Diab,3
Квашеная,3
神乃木製作所,3
Reik,3
Reykon,3
DJ Particle,3
Evan Pratten,3
Erkin Koray,3
Marceau,3
BETA,3
Dwarde,3
Cam,3
Mayumi Morinaga,3
Current 93,3
MC Sniper,3
dandeless,3
HOYO-MiX,3
José Afonso,3
THE BOYZ,3
Σπυριδούλα,3
Stemage,3
vai5000,3
Merz,3
Slaine,3
Miruku,3
Bizzare Contact,3
typing chiyo,3
Erci-E,3
Enois Scroggins,3
Spiral,3
Laufey,3
ATEEZ,3
Xerox,3
Robert Prime,3
Martin O'Donnell,3
13.c.Gilbert,3
Edward Johannes,3
Los Chunguitos,3
X-102,3
Cloudancer,3
AuroraX,3
Broken Bells,3
María Márquez,3
Producer Snafu,3
Shankar Mahadevan,3
Michel Cleis,3
Fynn Kliemann,3
Ison and Fille,3
Sad Ghost,3
InTechnicolour,3
THE ROOP,3
Schleini,3
Die Minstrels,3
Crusher,3
Styke,3
Texas Hold'Em Lava Dome,3
Go_A,3
Shiori Novella,3
The Entranced,3
Mode.,3
Jack Sparrow,3
Yukicito,3
安藤秀樹,3
Сергей Васильевич Рахманинов,3
Jay Park,3
Trevor Rockcliffe,3
John Powell,3
Ibeyi,3
Ajay Gogavale,3
TAEYEON,3
Diepvries,3
Stéphane Picq,3
Salk2d,3
[RAM]Ruffian',3
Moon Taxi,3
Lunetten Shadow Banking,3
EZ3kiel,3
EnsionD,3
Loxy,3
Michael Kiwanuka,3
Joshua Weilerstein,3
Ettore Rigotti,3
Coolgirl,3
METAROOM,3
Al-Faris,3
Flegma,3
itm,3
Jimmy Pé,3
Bauhaus,3
Mali Music,3
Reflex,3
Stiltskin,3
ric,3
Michael Prophet,3
Barry Issac,3
Pop Smoke,3
"Ecstasy, Passion and Pain",3
Nio García,3
Ñejo and Dálmata,3
DJ Nut Nut,3
Ёлочные Игрушки,3
小西香葉,3
Håkan Hellström,3
tasmo,3
Najwajean,3
אריק איינשטיין,3
Pierlooqup,3
Marric,3
Kry.exe,3
Dimples D,3
Girls Rituals,3
Nibana,3
Billx,3
Tim Shiel,3
Collector//Emitter,3
Past Lives,3
Elliott Fisher,3
Veeraphat,3
The Hamster Alliance,3
いとうけいすけ,3
Tim Pritlove,3
Black,3
Melo Anon,3
Reparata and The Delrons,3
.Feast,3
Paco Mendoza,3
Microphyst,3
Firepal,3
Nàtura,3
Joep Beving,3
syatten,3
Vishal Bhardwaj,3
Mono-Amine,3
立秋,3
Jhayco,3
Notch,3
Esther Béjarano,3
Reasonandu,3
Unlike Pluto,3
Tuomas Kauhanen,3
مروان موسى,3
Smiechu,3
WhoMadeWho,3
Jardín de la Croix,3
DJ Druid,3
Cage the Elephant,3
Anima Sound System,3
Shanto,3
TISM,3
Nulb,3
RKM and Ken-Y,3
Skogsrå,3
Egon,3
Trilogy Soldiers,3
Mozart Festival Orchestra,2
נורית גלרון,2
Griffi,2
Oleg Novosad,2
TAMUSIC,2
David Haines,2
Fresh and Low,2
Dieter Hallervorden,2
Piano Karaoke,2
Dorthe Kollo,2
בעז שרעבי,2
Sindicato Argentino del Hip Hop,2
エイプリルズ,2
The Viper,2
Arthur Adams,2
バーチャル Paragon ™,2
New Flesh Ltd. 萬歲,2
Vaiteani,2
Female Takeover,2
Liszt Ferenc Kamarazenekar,2
Little Pepe,2
F-777,2
Zen Mechanics,2
Planet Patrol,2
Capital,2
Nomine,2
CUSTOME,2
Power of Seven,2
O.Lamm,2
Monflame,2
John Forté,2
Urban Heroes,2
Klopfenpop,2
The Samurai of Prog,2
Dr. Edward Daniel Taylor,2
Flughand,2
Phineus II,2
Sonder,2
Şam,2
DJ Nanashi,2
Mad Virgins,2
Leo Young,2
ІЛЛЯ LETAY,2
Эдита Пьеха,2
Kevin Johnson,2
Księżyc,2
Junior Timba,2
Explainer,2
Ram Trilogy,2
MC Zeca,2
Colette Renard,2
Richcat,2
4i20,2
Тося Чайкина,2
iboibo,2
Dementia,2
Mo-Dettes,2
A.M.C,2
Why Everyone Left,2
파란노을,2
風音,2
L3NNY,2
Philip E. Morris,2
Muttonheads,2
Jehst,2
Skee W.,2
Sammy Seagull,2
Noc.V,2
Moonlight Creative,2
Peter Rehberg,2
Steven “Jesse” Bernstein,2
RVDS,2
The Boy and Sister Alma,2
On/Off,2
Juan Magán,2
Derrick Carter,2
Bernadette La Hengst,2
HØYIN,2
Peter Tevis,2
Cause 4 Concern,2
Pallas,2
金獅子,2
İbrahim Tatlıses,2
Skaai,2
KNA Connected,2
Pontiak Johanzon,2
Albert Ostermaier,2
yodooder,2
Ed Carlsen,2
Cage,2
Chuck Girard,2
Saor,2
Chico Science,2
Imam Baildi,2
Angela He,2
Павел Луспекаев,2
00ff1a,2
Mingus Big Band,2
El Canto del Loco,2
Flex,2
NOLEJ,2
Discharge,2
Alessio Belli,2
Bassi,2
Gunārs Rozenbergs,2
Keith LeBlanc,2
Vegas,2
Big Grams,2
Julia Wolf,2
Mayas,2
NiTGriT,2
F,2
Jānis Stībelis,2
Violent Onsen Geisha,2
Xiescive,2
김성배,2
ZedFox,2
Gene Joke,2
sun3 FielD,2
Yuridia,2
DPR ARTIC,2
Echo Illusion,2
Render the Silence,2
Klatsch!,2
Max Steiner,2
Holy Fuck,2
KIBI,2
m1ko,2
The Box Tops,2
Dugzy,2
Fort,2
Terratype,2
PRhyme,2
Android Lust,2
Borislav Slavov,2
The M Machine,2
Bubamara Brass Band,2
Holy Oysters,2
Nessen,2
Gulzar,2
forgotten nostalgia,2
Opus,2
Marco Beltrami,2
Apollonia 6,2
番犬,2
宋岳庭,2
シクSiK,2
1st Prodject,2
Raoul Schrott,2
Disconscious,2
Vishal Mishra,2
Vicky Corbacho,2
Miyu Hosoi,2
another cell,2
Terry A. Davis,2
高澤直紀,2
Zhi-Vago,2
Pro Musica Nipponia,2
John Linnell,2
宝鐘マリン,2
Stenahoria,2
キジバト,2
God Lives Underwater,2
大野まりな,2
Taikapeili,2
Dirk Reichardt,2
E-Mov,2
We in Music,2
Gayatri Iyer,2
Graveyard Creeper,2
Moheener Ghoraguli,2
Almighty,2
David Housden,2
adore,2
Gregory Porter,2
Asja Kadrić,2
The Quiggles,2
Maethelvin,2
Rootkit,2
Hot Dad,2
Sten Gun,2
X-Dream,2
PsyCraft,2
AVIRA,2
Locust Toybox,2
Apziņas Parazīti,2
Oleg Kosjugin,2
Mari Kvien Brunvoll,2
Timecop1983,2
KISS OF LIFE,2
Mark Nicholas,2
843,2
חלב ודבש,2
B.P.J.K.,2
フーリンキャットマーク,2
Cracker,2
Mike Doughty,2
Peter Kraus,2
Prophecy of Rage,2
The Deviant Analogue,2
MYTHM,2
Spiderdactyl,2
Perplexer,2
Subsonik,2
Justin Meldal-Johnsen,2
Matt Preston,2
Killingscum,2
DJ Sappo,2
hkmori,2
Gibs,2
Liaxy,2
れるりり,2
Akanoid,2
Darryl Zeuja,2
Riko,2
Will Wood,2
Chester Bennington,2
…But Alive,2
Cozy Kev,2
金﨑猛,2
Shirley Caesar,2
Ferris MC,2
Big Page,2
Naná Vasconcelos,2
DJ Boom,2
Fat Freddy's Drop,2
Rhythm of Paradise,2
Rad Museum,2
DJ Maksy,2
Anatoly Tapolsky,2
David Dima,2
Drexciya,2
Bako,2
Disco Doggies,2
The Fish Who Saved the Planet,2
Lokkhi Terra,2
Esma Redžepova,2
dark cat,2
Mould Impression,2
藤岡弘,2
Ravindra Sathe,2
Brenda Wootton,2
Bob Bradley,2
Miten,2
Roberto Goyeneche,2
Work Drugs,2
Andres Lõo,2
Catch My Soul,2
lil fasty,2
Валдай,2
Cristiano Malgioglio,2
Subfiltronik,2
Loca People,2
はちみつれもん,2
friends&,2
WANT/ed,2
Marco G,2
AM Inc.,2
على حسن كوبان,2
Neil Gaiman,2
Solid Gold Easy Amex,2
Hablando en Plata,2
DJ Kyon-C,2
FLOOR BABA,2
ONT 1129,2
J・A・シーザー,2
西皮士,2
You and The Explosion Band,2
Freaky Chakra,2
kissmenerdygirl,2
You Am I,2
Big B,2
Gallant,2
Malakias,2
Fauré Quartett,2
BASI,2
Zaho,2
Mägo de Oz,2
waiai,2
Magic System,2
Henagar-Union Sacred Harp Convention,2
Ternion Sound,2
Warfare,2
Проект Аvrora,2
Urano Players,2
GoTTunA,2
DJ Deep,2
Shwabadi,2
Deekline and Wizard,2
Aram Shahbazians,2
David Myles,2
DJ Clart,2
Nene,2
Ben Fox,2
Wizkid,2
Voka Gentle,2
GIMS,2
Waltari,2
Design a Wave,2
Morlockk Dilemma,2
Mueka,2
Alkaloid,2
村治佳織,2
Leif Elggren,2
Alex Mah,2
Ayah Marar,2
Fast Foot,2
Mhokomo,2
NYO,2
Msaki,2
Jacob Miller,2
Los Rakas,2
Absu,2
AP.9,2
Alex Mind,2
Overlook,2
Pompeya,2
centrozoon,2
Hurricane,2
Scott Fitzgerald,2
(((o))),2
Hanm,2
Clara Nunes,2
Morgsch,2
Dyb,2
Scott Lucas and The Married Men,2
Lee van Dowski,2
Fatal Force,2
Djinng,2
High Tone,2
にじさんじ,2
多和田吏,2
Baber / Wileman,2
The Associates,2
Ravi,2
Kario and Yaret,2
Medasin,2
Nino Ferrer,2
狐の工作室,2
DJ Sailor Moon,2
Cozy Creatures,2
Tante Angelika,2
Graeme Norgate,2
Mikey Cortez,2
BeBe Winans,2
Kimiko Douglass-Ishizaka,2
Loopspool,2
"Walter \"Gavitt\" Ferguson",2
ホタル,2
Forrest Frank,2
Dylan Marron,2
Lord Cernunnos,2
Future Engineers,2
Careless Juja,2
Frums,2
Jim Masters,2
Engelbert Humperdinck,2
Ampire,2
Goodwill,2
Excizen,2
Kabuto the Python,2
Mista,2
Brother of Soul,2
原田ひとみ,2
Dan Spătaru,2
Naughty and Tolis,2
Sam Tompkins,2
The Science,2
Shad,2
Rusty Egan,2
Oaks,2
Holographic,2
Benjie,2
Destiny Chukunyere,2
EastNewSound,2
Lord Sear,2
Zektbach,2
北条麗華,2
Dennis Martin,2
T.S. Monk,2
DJ Somy,2
Shoki,2
Windmill,2
niahn,2
惑星P,2
Чиж and Co,2
Mr JayySmooth,2
Benet,2
Tony! Toni! Toné!,2
Toprot,2
DJ Rew,2
Rosario Galati,2
Casey LaLonde,2
Rrose,2
https://personified,2
Kolendo,2
Ivan Smagghe,2
LaShun Pace,2
A.B.T.,2
Dr. Villain,2
takayuki@jp,2
Chris Cowey,2
Co-Stanza,2
beabadoobee,2
Böhse Onkelz,2
KAMIYA,2
Gaia Project,2
Colaa,2
Cauto,2
Rod Argent,2
Delilah,2
KREVA,2
B3LLA,2
Kenneth C M Young,2
Icarus Moth,2
Banket,2
Joe Lamont,2
Harry Chapin,2
DColeThePrince,2
Round One,2
Si Begg,2
Olli Suoranta,2
Firefox,2
Evelyn,2
Kristiina Brask,2
Divinelink,2
slingmingo,2
Anahí,2
seer38,2
Kris Moon,2
Khanage,2
Dead Sea Apes,2
Patrick Pulsinger and Erdem Tunakan,2
Alcest,2
Terra Nine,2
Serial Killaz,2
KSD,2
seibin,2
Lightbulb Thieves,2
Feelstyle,2
Sir Grey,2
Outset Initiative,2
Panamah,2
長月あいり,2
OtisMadeIt,2
Maxone,2
100-200,2
Harry Callaghan,2
XC-NN,2
Guesch Patti,2
Axel Thesleff,2
Mohammad Heshmati,2
玲音,2
ザ・チルドレン,2
Luiza Possi,2
Big Fish,2
Arvo Pilliroog,2
星名はる,2
Kontravoid,2
Cheap Science,2
Sech,2
Dead Dred,2
Chris Roberts,2
HellRazors,2
Magazine,2
ALEX,2
LUM!X,2
Keep Shelly in Athens,2
Herrin,2
Jane Sheldon,2
Tools,2
周防パトラ,2
David Hykes,2
Nasty Neil E,2
Jewellers,2
陈致逸,2
Okin-Omis,2
Dub Smugglers,2
Stakka and Skynet,2
Damian Drăghici,2
Pole,2
ASa Project,2
GABRIELL,2
Terveet Kädet,2
Potter Puppet Pals,2
aus,2
Verminous,2
mango700,2
Bobby Blotzer,2
Sylenth and Glitch,2
Fidel Fourneyron,2
CY83RN0153,2
AK1200,2
Hysteric Blue,2
LaCalle Familia,2
Gérald Toto,2
Rnbstylerz,2
Robert Nickson,2
Mel IRL,2
宮簀月菜,2
bricklander,2
Hudson People,2
Sunchase,2
Sciahri,2
Alesana,2
Chico Chico,2
Crux,2
Grupo Cañaveral de Humberto Pabón,2
Madalen Duke,2
Kid Q,2
Che Fu,2
FACE,2
Tchami,2
Ghost and Writer,2
Atlanta Symphony Orchestra,2
Jimmy Whoo,2
Taverner Choir,2
YourEnigma,2
G Flame,2
The Temper Trap,2
Funky Fluid,2
Fontine,2
Mikronid,2
Bernie Krause,2
Johan Johnson,2
小神あきら,2
Mr.Funky,2
Smooth Genestar,2
DJ Tatana,2
Entropy,2
Alkapon y Falkon,2
Pogo,2
SoundSync5000,2
MOH,2
United Future Organization,2
Orina,2
So-ki,2
Kenny Ken,2
Trevor Dunn,2
Gregory Abbott,2
Smeerlapp,2
David Lengyel,2
Bob Hilliard,2
digifae,2
Arundhati Roy,2
ReoNa,2
Dartside,2
sombr,2
Satronica,2
Floatinurboat,2
Baby Baby,2
КГБ,2
Van Appears,2
Monokate,2
Mike Laure,2
Cindy and Bert,2
Essence of Aura,2
CAGNET,2
P-Funk,2
The Quantic Soul Orchestra,2
toe,2
Desert Planet,2
Nebbra,2
Yansımalar,2
Mimi Page,2
Gilles Dreu,2
Tina Cousins,2
Flash Robsen,2
林夕紀子,2
Native,2
Frank Walker,2
PsoGnar,2
JaxPlosion,2
Fre4knc,2
Alex Attias,2
deviousness,2
Alden Groves,2
Shakewell,2
The Bombs of Enduring Freedom,2
ayokay,2
Nocera,2
Circle of Dust,2
Doc Martin,2
Wartech,2
Cheri,2
Ensemble Double Up,2
VSO,2
Add N to,2
Lola Palmer,2
MISSIO,2
Malthruyst,2
Little Einsteins,2
Simone Vitale,2
髥莏,2
Cimorelli,2
aqualina,2
Skatune Network,2
Timagiak Petalaussie,2
Fibla,2
Povel Ramel,2
レイ汀,2
Studio Mebius,2
Rubén San,2
E-802-11,2
Jaguar Skills,2
Oddity,2
Telepazio,2
Branislav Mojićević,2
FearDorian,2
DJ Hybrid,2
Volac,2
Deborah Sasson,2
L'Entourloop,2
KARDO,2
Persephone,2
Jenny la Sexy Voz,2
Dur-Dur Band,2
Jean Baudlot,2
M!R4,2
Dazerdoreal,2
Kontrastt,2
Undefined Variable,2
Ben Joel,2
Tha Fruitbat,2
Tomeo,2
Cignol,2
The Allentown Band,2
DOt.,2
Eternxlkz,2
Pythius,2
Milangeles,2
ItaloBrothers,2
Kamaliza,2
Xtrah,2
DJ DQ,2
X&G,2
.xtrak,2
Sowelu,2
Toccoyaki,2
ghostwerk,2
M31-ZERO,2
Sucios Socios,2
Adam Krzysztof Kloc,2
AJJ,2
ColBreakz,2
Trio Grande,2
Laugh and Peace,2
Planet Funk,2
Limewax,2
Derek Webb,2
Chazy,2
Cityfires,2
Alois Huber,2
P!xel,2
Panama Cardoon,2
So Emotional,2
Junior Sanchez,2
Andy Kinch,2
Enablerz,2
Shola Ama,2
Jah Mason,2
Lausen,2
Jom Comyn,2
Virtuol Dijo,2
Neil Davidge,2
Mehdi Mouelhi,2
The Carnegie Hall Jazz Band,2
Annie Khalid,2
Marcus Schössow,2
The Crossing,2
lafew,2
Torby Brand,2
Goat,2
Minus Militia,2
St. Nebula,2
CHANEY,2
MaryBert,2
The Tyrrel Corporation,2
Yabujin,2
Alextbh,2
Blue Sunshine,2
Lost Frequencies,2
King Britt,2
George Ellinas,2
Peter Dasent,2
Hound Dog Taylor and the HouseRockers,2
Fever the Ghost,2
Lovegun,2
Zackey Force Funk,2
SWAPNOTES,2
Pingpong,2
Frankie Gavin,2
Marston Connell,2
Joan Pope,2
Vanessa and the O's,2
山下絹代,2
Tokyo Megaplex,2
兎田ぺこら,2
Iris,2
Chocolate MC,2
Gang Green,2
ЯAR,2
Emma Donovan,2
HENTAiCORE,2
halc,2
Michael Stuart,2
인순이,2
Initial Programs,2
Tropa da Neve,2
Rx Papi,2
Kitt,2
Apollo Two,2
Jus_Bruh,2
Wayne Lytle,2
A:xus,2
Steve James,2
Sternrekorder,2
Anthony Atcherley,2
פוליאנה פרנק,2
Mulatoh,2
潘瑋柏,2
HiroHiro,2
Symarip,2
hi-channel!,2
Murray Head,2
Sentenced,2
小宮知子,2
David Keno,2
Known in Bakersfield,2
Pandellon,2
KVPV,2
LindaAI-CUE,2
Fruko y sus Tesos,2
簡諧點源,2
Lani and Stella Nutella,2
Fat Jon the Ample Soul Physician,2
Brigade Loco,2
水樹奈々,2
Synthtonix,2
Atif Aslam,2
Flying Steps,2
Thomas Meinecke,2
MC Mayara,2
Filipinki,2
Denz1000,2
Cool Hand Flex,2
Subhead,2
Ivans Baigais,2
Monster High,2
Mewga,2
Sniper SP,2
Los Súper Reyes,2
Sirvan Khosravi,2
Yukiga Futte Uresii,2
Floex,2
U$O,2
Emicida,2
ily,2
桜井和寿,2
Larry Adler,2
Loïk Brédolèse,2
Jonas Kopp,2
أم كلثوم,2
Skyark,2
fen,2
Yoko Kobayashi,2
Miriam Bryant,2
AHEE,2
FOMY,2
Phillipa Soo,2
Dave and Domino,2
Ron Klaren,2
SPC ECO,2
Xpansions,2
Robert Lippok,2
Saw Gent,2
熊仔,2
Pyramid,2
Егор Натс,2
Nagiha,2
HalaCG,2
8-Bit Beast,2
Dan Curtin,2
ちばけんいち,2
Jessi Uribe,2
Dombresky,2
"Silver, Platinum and Gold",2
Wism,2
B. Dolan,2
Noni,2
Trevor Loveys,2
Concrete Boys,2
百引一,2
星野源,2
Schnittstelle,2
Dzieciuki,2
Slava Shelest,2
Tony Momrelle,2
Isolée,2
The Countdown Singers,2
Space Raiders,2
atlgrandma,2
Trocadero,2
Tripswitch,2
Vault Kid,2
Musicarus,2
Animal Feelings,2
Alex Ayuli,2
Wankelmut,2
Delara,2
4 Mars,2
Aural Planet,2
Nash the Slash,2
Dan Balan,2
Pizuya's Cell,2
Kane,2
Boris Blenn,2
The Ultras,2
Tayla,2
Amaro,2
Limahl,2
I rammed a pencil up my nose in an attempt to reach my brain so that I could draw a smiley face on it,2
Kidd Cabbage,2
Mangoo,2
Seeborn and Puma,2
5val,2
Jeff Parker,2
Electric Tribe,2
Ancient Methods,2
害意,2
Apfel S,2
Roberto Fonseca,2
tomandandy,2
Ojārs Grīnbergs,2
Senhit,2
Steve Poindexter,2
Plume et le Docteur Landry,2
Macho,2
Corvus Corax,2
Natsuki,2
Umek,2
Congo Natty,2
Ninja Mixx,2
Resource,2
Alun Gaffey,2
Nemesi,2
Nano D.A.,2
prod.suki,2
Astrid S,2
Masia One,2
Jow,2
M F TroniX,2
Duke Deuce,2
Barnett Lobel,2
Shadow Wizard Money Gang,2
Valeri Scherstjanoi,2
osaili,2
Dani Siciliano,2
Gouache,2
Foxies Ent,2
A Forest Mighty Black,2
soundTeMP,2
Lockdown,2
Samim,2
Antix,2
Pablo Ribot,2
Total Ka-Os,2
The Kunts,2
EK-07,2
Morenas,2
Galaxy Express 999,2
LOOK MUM NO COMPUTER,2
奏音69,2
SkyTwoHigh,2
Urfaust,2
Reade Truth,2
Mango,2
Delly Ranx,2
Los Piojos,2
Paul Fryday,2
Friederike Mayröcker,2
Kamaal Khan,2
Jus' Friends,2
Brenk Sinatra,2
Fritz Pauer Trio,2
DJ Brockie,2
Blunted Vato,2
Mo' Horizons,2
Slim Line,2
MJD,2
Left Boy,2
Misfit,2
Raúl Acosta,2
Koko Chanel Beats,2
Darx,2
MΣ$†ΛMN ΣKCПØNΛ†,2
C-Side,2
Roots ista Posse,2
Timeblind,2
Tanga Chicks,2
松井喬樹,2
Ayo Roc PoppN,2
LEVEL NINE,2
A'Vista,2
Zezé Di Camargo and Luciano,2
Alyne,2
Stéphane Deschezeaux,2
Peter Wall,2
Saltatio Mortis,2
The Morning Kids,2
Reinbert de Leeuw,2
ツヴァイウィング,2
Max.Brothers.,2
ツイフォニウム,2
Gostwork,2
thanksbird!,2
Bruder Jakob,2
Shae Dupuy,2
Entangled System,2
Мэвл,2
Nautilis,2
Synchrojack,2
雪花ラミィ,2
青木孝允,2
Chapelier Fou,2
Dancing Djedi,2
AcdBrnOut,2
Sparks,2
Altero,2
bunii,2
Riho Sibul,2
Qo,2
STEALTH,2
megawolf77,2
Optimus Rhyme,2
Erik Rug,2
Kronfeld,2
Nekta,2
Viznut,2
Astralasia,2
Marcus Intalex and ST Files,2
František Krištof Veselý,2
Cosmic Johnny,2
brynn </3,2
ceruleancerise,2
高橋諒,2
CommandSpry,2
Oscar Brown Jr.,2
Gareth Wyn,2
Lisa Warrington,2
Diary of Dreams,2
DJ Mo Sligga,2
Pram,2
美島いちる,2
Blunted Beatz,2
Magdalena Bay,2
Shizen no Teki-P,2
北園みなみ,2
C.M.,2
Keoki,2
Villem and McLeod,2
Valerie,2
唐人街卡帶,2
Sun Control Species,2
Camila,2
El Gato DJ,2
DJ GS,2
Paradis,2
Toxxic,2
Donvtello,2
Ruxxi,2
Man2.0,2
GenericArrangements,2
Jonas Platin,2
Eric and Urnie,2
Terence McKenna,2
6untr01,2
Rebeka Warrior,2
DJ Nitro,2
Matta,2
Grzegorz Ciechowski,2
Mr. Arthur,2
Chords of Orion,2
QIREXX,2
天音,2
Razorblade,2
nzdastrack,2
Honor,2
Ballroom,2
Blitz Lunar,2
SLUDGEBOX,2
INFINITE,2
Lewis Lovebump,2
Ludicin,2
Ten Thousand Free Men and Their Families,2
Circa Survive,2
MONGOL800,2
Macklemore,2
Bert Jansch,2
WEEDMANE,2
SHRNZ,2
Hugo Blanco y su Arpa Viajera,2
Die drei ??? Kids,2
Bernie Worrell,2
Random Starlight,2
Nipsey Russell,2
Kekal,2
Matt Dinniman,2
Dakoteus,2
DJ TATSUKI,2
Faders,2
(A)Θ,2
tv room,2
Joe Flizzow,2
International Pony,2
Ursula's Cartridges,2
Andrew Poppy,2
Scheme Boy,2
Falcon,2
Jocelyn Mackenzie,2
1000 Beasts,2
Heiko Laux,2
Done,2
Alive 'n Kickin',2
城ヶ崎美嘉,2
The Proov,2
Hive Crew,2
Filur,2
Xeudo Code,2
Zoofles,2
Jondi and Spesh,2
Sasha F,2
Limits of Perception,2
Jonida Maliqi,2
Canesecco,2
reas,2
Jubin Nautiyal,2
FINGERGAP,2
red rakes,2
De-Tü,2
Theresa Andersson,2
TЁЯRA,2
Subdigitals,2
Yoichi Ichikawa,2
Disco Gessner,2
I Am Snow Angel,2
Disney Studio Orchestra,2
Kumar Sanu,2
STRNGR,2
DJ Blue,2
Night Tapes,2
Michoel Schnitzler,2
Richard Stallman,2
Rodolfo Aicardi,2
Arnold,2
Vašo Patejdl,2
Reb Beach,2
Dose,2
turbulent flights,2
نانسي عجرم,2
Doc303,2
Hidden Agenda,2
喜多村英梨,2
i-dle,2
Dan Zamani,2
SnipaZ,2
Mighty Clouds of Joy,2
LoneMonk,2
Miro Pajic,2
Koa,2
DJ Stingray,2
New Klezmer Trio,2
Sea Oleena,2
Pomipomi,2
Audialize,2
MC Einar,2
PUP,2
Celestial Intelligence,2
The Fauves,2
Wiz,2
Los Enemigos,2
Hildegard von Blingin',2
Coma,2
C-Drik,2
HISATOMI,2
SharpSound Productions,2
Roman IV,2
Värttinä,2
The R3bels,2
Africa Express,2
Jade LeMac,2
金子由布樹,2
Marc Minkowski,2
Rory McLeod,2
Sapphire Brew,2
Saintseneca,2
HADJI,2
Milana Misic,2
Jewelry,2
Siva Six,2
Lazy Rich,2
Knutsen and Ludvigsen,2
Hollywood Star Orchestra,2
Freakatronic,2
Scott Solter,2
Calabasas,2
Psalm Trees,2
Robert Manos,2
Gustavo and Rein,2
Veil,2
PARABIRTH,2
an0va,2
senya,2
Валерия,2
The Cenobites,2
Harry,2
Profi Bros,2
Prefab Sound Pro.,2
Anodajay,2
Phthalocyanine,2
Tazmi,2
Larissa,2
Lucille Fletcher,2
Guillaume and The Coutu Dumonts,2
B.U.S,2
Latex Diamond,2
Mother,2
Freezepop,2
KIll J,2
NothinButLag,2
Tim Bowness,2
Scribble1k,2
Rob Ellis,2
Brothers' Vibe,2
Anna-Karin Korhonen,2
Tijah,2
Cat Dealers,2
Sonny Black,2
URAN,2
Manasseh,2
Willie Mammuth,2
Fixated,2
Loro's,2
ヘンリー川原,2
Death Lurks,2
Dub Elements,2
Briana Marela,2
Faces in the Clouds,2
411,2
Lloyd Owes Me a Packet,2
Vinyl Dial,2
Dub Trio,2
Richard Clayderman,2
Tapper Zukie,2
Rocca,2
Jennie Stigle,2
Devan,2
エイジアエンジニア,2
Djaybee,2
The Yaga Yagas,2
April March,2
Earthling,2
SHVDE,2
The Distillers,2
Malini Avasthi,2
FRWCTRL,2
SIRO,2
The Blue Angel Lounge,2
Dr. Dooom,2
Volatil,2
Soufferance,2
Loni Clark,2
Mark 'Oh,2
japanesecoffee,2
Tribe One,2
The Quick,2
Hardy Hard,2
Mandy Bingham,2
Smoky D,2
Jessica Charlotte Vaughn,2
Eins Zwo,2
松本大輔,2
m.c. A・T,2
Kaonefy,2
Krishna Das,2
Dauntless,2
Matthew Harwood,2
David Usher,2
adustam,2
Jessica Shy,2
Jonathan Moly,2
Jon Underdown,2
Stendahl,2
Greg FitzPatrick,2
King Clave,2
Blake Roman,2
Merchie,2
Godspeed You! Black Emperor,2
Hard Drive,2
DJ Lucifer,2
Dirt Monkey,2
J.D. Crowe and the New South,2
Cube-Like-People,2
Stephanie Dosen,2
Marco Masini,2
Le Chœur d'Enfants du Bolchoï,2
Chamberlain,2
永井真理子,2
Alicja,2
장나라,2
Playground Productionz,2
Gareth.T,2
Kamera Obscura,2
Flame,2
DrPIGMENN,2
Neon Heights,2
BOXINLION,2
_ensnare_,2
princess paparazzi,2
じーざすP,2
Hangár,2
Dirrty Vogts,2
Lüürikud,2
Victor Romeo,2
小野寺小咲,2
Audiomatic,2
Alivvve,2
BENNIE BECCA,2
Memphis Minnie,2
Mecano,2
The Anix,2
Blue Hour,2
2 Eivissa,2
Last Man Standing,2
Pjusk,2
Benji and Fede,2
Starlett,2
Mind Sense,2
Haris Christodoulou,2
Hardbit,2
Explorers of the Internet,2
Ed209,2
Tony Holiday,2
Alex Day,2
Yes We Mystic,2
Mampi Swift,2
SoundForce,2
ｔｅｐｈ ｃｏ. 愛,2
En Halvkokt i Folie,2
The Owl Service,2
Tommy '86,2
baby.daddi,2
EastColors,2
Little Finger,2
AQUA STYLE,2
Goran Bregović,2
Night Lovell,2
Rock et Belles Oreilles,2
Chris Devoe,2
Riko el Monumental,2
Mexicali Brass,2
fingerling,2
Block,2
HausHetaere,2
Mittsies,2
Hassmonsta,2
Loud Lary Ajust,2
Imil,2
DJ Soina,2
George Faulkner,2
Deerhunter,2
Jussie Smollett,2
Darwinmcd,2
Melt Channel,2
Sepalcure,2
Static Movement,2
Feria,2
Max Normal,2
kei_iwata,2
Jeri-Jeri,2
Zeeko,2
Kaada,2
Figaro the Kid,2
Vinny Eastwood,2
Barasuara,2
Nautilus Pompilius,2
Modern Relics,2
Kinsey Moore,2
KRSPLKRSCHT,2
If It Moves…,2
Keith Lam,2
fordtoxic,2
Yxng Sanzu,2
牧野忠義,2
Bei Ru,2
Andrew Hill,2
Frost Raven,2
Héctor Guerra,2
Marina Satti,2
Xillions,2
Greenskeepers,2
4Eyez,2
Choir of New College Oxford,2
2ToneDisco,2
Le'mon,2
JP Moregun,2
sofheso,2
チマメ隊,2
HOEDh,2
globe,2
Octave One,2
Sharon Doorson,2
RJ Pasin,2
Joysi Love,2
Filastine,2
P.I.N.A.,2
kukan effect,2
Santal,2
L.E.D.-G,2
Andiel Super A,2
John Askew,2
Goldbird,2
Inverse,2
Atom™,2
徳南,2
Rasa,2
Franz Tornado,2
らぁら,2
Cosmo Vitelli,2
The Subs,2
City,2
Mallory Bechtel,2
Talamasca,2
Pagan Pegasus,2
Soft Blows,2
JXYD3N,2
Noam Chomsky,2
Medooza,2
烏屋茶房,2
D.J.Amuro,2
Sonic and Silver,2
Chuala,2
Generic,2
Alonewolf,2
BoA,2
НеИгрушки,2
Bono,2
Rawtee,2
Hieronymus Gratchenfleiss,2
Frock Destroyers,2
S. P. Balasubrahmanyam,2
Buddha Bass,2
George Winston,2
Stef Davidse,2
Calvin Kind,2
Illat,2
star printer,2
