The Honey Drippers,675
Kraftwerk,71
Daniel Ingram,59
Incredible Bongo Band,56
Lyn Collins,51
The Winstons,48
Rebecca Shoichet,45
supercell,42
IOSYS,41
Kool,37
ASAGEN,36
Breakwater,34
Michael Guy Bowman,34
The Soul Searchers,34
The Jacksons,33
Beside,31
Steps,31
Honey Cone,30
Curtis Mayfield,29
Mel Tormé,27
Skinny Puppy,25
Motörhead,25
Ray Parker Jr.,24
Extreme,24
Hubert Kah,23
Sting,23
Denny Jaeger,23
Rockabye Baby!,23
bumnumba1,23
Bob James,22
Dexter Wansel,22
Funkadelic,22
SHIKI,22
anubasu-anubasu,22
23,22
Nina Simone,21
Led Zeppelin,21
Isaac Hayes,20
David Gilmour,20
KISS,19
Stevie Wonder,19
L.E.D.LIGHT,19
Gladys Knight,19
The Queenstons,19
UTFO,19
Luiz Bonfá,18
wotaku,18
Steve Jeffries,18
稲泉りん,18
一之瀬剛,17
Melvin Bliss,17
The Doors,17
Bette Midler,17
IRF,17
The Flight,17
Eurythmics,16
Brenda,16
外神田文芸高校,16
The Mothers of Invention,16
Bryan Kearney,16
"Choir of King’s College, Cambridge",16
Bulgarian State Radio,16
Eddie Lang,15
Caramell,15
Carly Rae Jepsen,15
The Isley Brothers,15
yUuZa1,15
CYBERTHING!,14
Nexus 21,14
下村陽子,14
KIZAN518,14
Danny Kaye,13
System of a Down,13
Bamboo,13
Loleatta Holloway,13
Tommee Profitt,13
Zombie Zombie,13
川村ゆみ,13
Guns N’ Roses,13
فيروز,13
Serge Gainsbourg,13
Lena Raine,12
Claire Littley,12
The Supremes,12
Иван Купала,12
GIRakaCHEEZER,12
Yazoo,12
Lowell Fulson,12
Michael C. Hall,12
William Orbit,12
RinneRadio,12
Jerry Orbach,11
Taylor Mead,11
Öwnboss,11
Johnny Hallyday,11
Commodores,11
The Sylvers,11
Justin Timberlake,11
Two Door Cinema Club,11
Dionne Warwick,11
